Position,Residue,Start,End,Peptide,Score
4,I,1,7,MGQIITF,0.806
5,I,2,8,GQIITFF,0.806
6,T,3,9,QIITFFQ,0.723
7,F,4,10,IITFFQE,0.689
8,F,5,11,ITFFQEV,0.693
9,Q,6,12,TFFQEVP,0.843
10,E,7,13,FFQEVPH,0.841
11,V,8,14,FQEVPHV,0.827
12,P,9,15,QEVPHVI,0.809
13,H,10,16,EVPHVIE,0.774
14,V,11,17,VPHVIEE,0.774
15,I,12,18,PHVIEEV,0.774
16,E,13,19,HVIEEVM,0.643
17,E,14,20,VIEEVMN,0.73
18,V,15,21,IEEVMNI,0.726
19,M,16,22,EEVMNIV,0.73
20,N,17,23,EVMNIVL,0.709
21,I,18,24,VMNIVLI,0.67
22,V,19,25,MNIVLIA,0.693
23,L,20,26,NIVLIAL,0.691
24,I,21,27,IVLIALS,0.673
25,A,22,28,VLIALSL,0.69
26,L,23,29,LIALSLL,0.703
27,S,24,30,IALSLLA,0.713
28,L,25,31,ALSLLAI,0.713
29,L,26,32,LSLLAIL,0.703
30,A,27,33,SLLAILK,0.763
31,I,28,34,LLAILKG,0.781
32,L,29,35,LAILKGI,0.764
33,K,30,36,AILKGIY,0.843
34,G,31,37,ILKGIYN,0.971
35,I,32,38,LKGIYNV,0.976
36,Y,33,39,KGIYNVA,0.986
37,N,34,40,GIYNVAT,0.979
38,V,35,41,IYNVATC,0.926
39,A,36,42,YNVATCG,1.081
40,T,37,43,NVATCGL,1.003
41,C,38,44,VATCGLF,0.866
42,G,39,45,ATCGLFG,1.017
43,L,40,46,TCGLFGL,1.007
44,F,41,47,CGLFGLV,0.941
45,G,42,48,GLFGLVS,0.976
46,L,43,49,LFGLVSF,0.839
47,V,44,50,FGLVSFL,0.839
48,S,45,51,GLVSFLL,0.837
49,F,46,52,LVSFLLL,0.699
50,L,47,53,VSFLLLC,0.784
51,L,48,54,SFLLLCG,0.936
52,L,49,55,FLLLCGR,0.867
53,C,50,56,LLLCGRS,0.986
54,G,51,57,LLCGRSC,1.071
55,R,52,58,LCGRSCS,1.191
56,S,53,59,CGRSCST,1.244
57,C,54,60,GRSCSTT,1.211
58,S,55,61,RSCSTTY,1.151
59,T,56,62,SCSTTYK,1.16
60,T,57,63,CSTTYKG,1.179
61,Y,58,64,STTYKGV,1.08
62,K,59,65,TTYKGVY,1.039
63,G,60,66,TYKGVYE,1.007
64,V,61,67,YKGVYEL,0.954
65,Y,62,68,KGVYELQ,0.931
66,E,63,69,GVYELQT,0.924
67,L,64,70,VYELQTL,0.786
68,Q,65,71,YELQTLE,0.82
69,T,66,72,ELQTLEL,0.741
70,L,67,73,LQTLELD,0.844
71,E,68,74,QTLELDM,0.846
72,L,69,75,TLELDMA,0.8
73,D,70,76,LELDMAS,0.867
74,M,71,77,ELDMASL,0.867
75,A,72,78,LDMASLN,0.984
76,S,73,79,DMASLNM,0.986
77,L,74,80,MASLNMT,0.914
78,N,75,81,ASLNMTM,0.914
79,M,76,82,SLNMTMP,1.037
80,T,77,83,LNMTMPL,0.917
81,M,78,84,NMTMPLS,1.037
82,P,79,85,MTMPLSC,0.984
83,L,80,86,TMPLSCT,1.036
84,S,81,87,MPLSCTK,1.043
85,C,82,88,PLSCTKN,1.18
86,T,83,89,LSCTKNN,1.186
87,K,84,90,SCTKNNS,1.306
88,N,85,91,CTKNNSH,1.237
89,N,86,92,TKNNSHH,1.203
90,S,87,93,KNNSHHY,1.229
91,H,88,94,NNSHHYI,1.151
92,H,89,95,NSHHYIM,1.014
93,Y,90,96,SHHYIMV,0.863
94,I,91,97,HHYIMVG,0.881
95,M,92,98,HYIMVGN,0.969
96,V,93,99,YIMVGNE,0.939
97,G,94,100,IMVGNET,0.913
98,N,95,101,MVGNETG,1.069
99,E,96,102,VGNETGL,1.067
100,T,97,103,GNETGLE,1.101
101,G,98,104,NETGLEL,0.963
102,L,99,105,ETGLELT,0.877
103,E,100,106,TGLELTL,0.856
104,L,101,107,GLELTLT,0.856
105,T,102,108,LELTLTN,0.856
106,L,103,109,ELTLTNT,0.909
107,T,104,110,LTLTNTS,1.007
108,N,105,111,TLTNTSI,0.99
109,T,106,112,LTNTSII,0.92
110,S,107,113,TNTSIIN,1.059
111,I,108,114,NTSIINH,1.057
112,I,109,115,TSIINHK,0.979
113,N,110,116,SIINHKF,0.927
114,H,111,117,IINHKFC,0.893
115,K,112,118,INHKFCN,1.049
116,F,113,119,NHKFCNL,1.066
117,C,114,120,HKFCNLS,1.047
118,N,115,121,KFCNLSD,1.12
119,L,116,122,FCNLSDA,1.07
120,S,117,123,CNLSDAH,1.12
121,D,118,124,NLSDAHK,1.094
122,A,119,125,LSDAHKK,1.016
123,H,120,126,SDAHKKN,1.154
124,K,121,127,DAHKKNL,1.034
125,K,122,128,AHKKNLY,0.989
126,N,123,129,HKKNLYD,1.103
127,L,124,130,KKNLYDH,1.103
128,Y,125,131,KNLYDHA,1.053
129,D,126,132,NLYDHAL,0.993
130,H,127,133,LYDHALM,0.856
131,A,128,134,YDHALMS,0.976
132,L,129,135,DHALMSI,0.88
133,M,130,136,HALMSII,0.739
134,S,131,137,ALMSIIS,0.807
135,I,132,138,LMSIIST,0.85
136,I,133,139,MSIISTF,0.851
137,S,134,140,SIISTFH,0.901
138,T,135,141,IISTFHL,0.781
139,F,136,142,ISTFHLS,0.919
140,H,137,143,STFHLSI,0.919
141,L,138,144,TFHLSIP,0.931
142,S,139,145,FHLSIPN,1.017
143,I,140,146,HLSIPNF,1.017
144,P,141,147,LSIPNFN,1.104
145,N,142,148,SIPNFNQ,1.16
146,F,143,149,IPNFNQY,1.119
147,N,144,150,PNFNQYE,1.157
148,Q,145,151,NFNQYEA,1.034
149,Y,146,152,FNQYEAM,0.897
150,E,147,153,NQYEAMS,1.016
151,A,148,154,QYEAMSC,0.963
152,M,149,155,YEAMSCD,1.031
153,S,150,156,EAMSCDF,0.954
154,C,151,157,AMSCDFN,1.071
155,D,152,158,MSCDFNG,1.2
156,F,153,159,SCDFNGG,1.337
157,N,154,160,CDFNGGK,1.277
158,G,155,161,DFNGGKI,1.174
159,G,156,162,FNGGKIS,1.17
160,K,157,163,NGGKISV,1.156
161,I,158,164,GGKISVQ,1.073
162,S,159,165,GKISVQY,1.013
163,V,160,166,KISVQYN,1.013
164,Q,161,167,ISVQYNL,0.953
165,Y,162,168,SVQYNLS,1.09
166,N,163,169,VQYNLSH,1.021
167,L,164,170,QYNLSHT,1.087
168,S,165,171,YNLSHTY,1.11
169,H,166,172,NLSHTYA,1.041
170,T,167,173,LSHTYAV,0.89
171,Y,168,174,SHTYAVD,1.014
172,A,169,175,HTYAVDA,0.904
173,V,170,176,TYAVDAA,0.863
174,D,171,177,YAVDAAN,0.949
175,A,172,178,AVDAANH,0.921
176,A,173,179,VDAANHC,0.997
177,N,174,180,DAANHCG,1.149
178,H,175,181,AANHCGT,1.077
179,C,176,182,ANHCGTI,1.05
180,G,177,183,NHCGTIA,1.05
181,T,178,184,HCGTIAN,1.05
182,I,179,185,CGTIANG,1.137
183,A,180,186,GTIANGV,1.039
184,N,181,187,TIANGVL,0.9
185,G,182,188,IANGVLQ,0.903
186,V,183,189,ANGVLQT,0.973
187,L,184,190,NGVLQTF,0.964
188,Q,185,191,GVLQTFM,0.827
189,T,186,192,VLQTFMR,0.74
190,F,187,193,LQTFMRM,0.754
191,M,188,194,QTFMRMA,0.764
192,R,189,195,TFMRMAW,0.761
193,M,190,196,FMRMAWG,0.847
194,A,191,197,MRMAWGG,0.984
195,W,192,198,RMAWGGS,1.103
196,G,193,199,MAWGGSY,1.13
197,G,194,200,AWGGSYI,1.111
198,S,195,201,WGGSYIA,1.111
199,Y,196,202,GGSYIAL,1.059
200,I,197,203,GSYIALD,1.044
201,A,198,204,SYIALDS,1.026
202,L,199,205,YIALDSG,1.044
203,D,200,206,IALDSGK,1.026
204,S,201,207,ALDSGKG,1.181
205,G,202,208,LDSGKGS,1.291
206,K,203,209,DSGKGSW,1.344
207,G,204,210,SGKGSWD,1.344
208,S,205,211,GKGSWDC,1.31
209,W,206,212,KGSWDCI,1.154
210,D,207,213,GSWDCIM,1.096
211,C,208,214,SWDCIMT,1.01
212,I,209,215,WDCIMTS,1.01
213,M,210,216,DCIMTSY,1.036
214,T,211,217,CIMTSYQ,0.967
215,S,212,218,IMTSYQY,0.96
216,Y,213,219,MTSYQYL,0.977
217,Q,214,220,TSYQYLI,0.959
218,Y,215,221,SYQYLII,0.889
219,L,216,222,YQYLIIQ,0.824
220,I,217,223,QYLIIQN,0.884
221,I,218,224,YLIIQNT,0.881
222,Q,219,225,LIIQNTT,0.856
223,N,220,226,IIQNTTW,0.909
224,T,221,227,IQNTTWE,0.947
225,T,222,228,QNTTWED,1.089
226,W,223,229,NTTWEDH,1.084
227,E,224,230,TTWEDHC,1.031
228,D,225,231,TWEDHCQ,1.034
229,H,226,232,WEDHCQF,0.983
230,C,227,233,EDHCQFS,1.05
231,Q,228,234,DHCQFSR,1.08
232,F,229,235,HCQFSRP,1.089
233,S,230,236,CQFSRPS,1.157
234,R,231,237,QFSRPSP,1.204
235,P,232,238,FSRPSPI,1.131
236,S,233,239,SRPSPIG,1.269
237,P,234,240,RPSPIGY,1.227
238,I,235,241,PSPIGYL,1.176
239,G,236,242,SPIGYLG,1.181
240,Y,237,243,PIGYLGL,1.061
241,L,238,244,IGYLGLL,0.929
242,G,239,245,GYLGLLS,1.066
243,L,240,246,YLGLLSQ,0.983
244,L,241,247,LGLLSQR,0.956
245,S,242,248,GLLSQRT,1.009
246,Q,243,249,LLSQRTR,0.921
247,R,244,250,LSQRTRD,1.046
248,T,245,251,SQRTRDI,1.029
249,R,246,252,QRTRDIY,0.987
250,D,247,253,RTRDIYI,0.914
251,I,248,254,TRDIYIS,0.983
252,Y,249,255,RDIYISR,0.981
253,I,250,256,DIYISRR,0.981
254,S,251,257,IYISRRL,0.857
255,R,252,258,YISRRLL,0.874
256,R,253,259,ISRRLLG,0.934
257,L,254,260,SRRLLGT,1.004
258,L,255,261,RRLLGTF,0.886
259,G,256,262,RLLGTFT,0.887
260,T,257,263,LLGTFTW,0.889
261,F,258,264,LGTFTWT,0.941
262,T,259,265,GTFTWTL,0.941
263,W,260,266,TFTWTLS,0.923
264,T,261,267,FTWTLSD,0.994
265,L,262,268,TWTLSDS,1.113
266,S,263,269,WTLSDSE,1.081
267,D,264,270,TLSDSEG,1.167
268,S,265,271,LSDSEGN,1.253
269,E,266,272,SDSEGNE,1.274
270,G,267,273,DSEGNET,1.207
271,N,268,274,SEGNETP,1.216
272,E,269,275,EGNETPG,1.234
273,T,270,276,GNETPGG,1.351
274,P,271,277,NETPGGY,1.291
275,G,272,278,ETPGGYC,1.239
276,G,273,279,TPGGYCL,1.217
277,Y,274,280,PGGYCLT,1.217
278,C,275,281,GGYCLTR,1.136
279,L,276,282,GYCLTRW,1.05
280,T,277,283,YCLTRWM,0.913
281,R,278,284,CLTRWML,0.834
282,W,279,285,LTRWMLI,0.731
283,M,280,286,TRWMLIE,0.753
284,L,281,287,RWMLIEA,0.71
285,I,282,288,WMLIEAE,0.68
286,E,283,289,MLIEAEL,0.627
287,A,284,290,LIEAELK,0.686
288,E,285,291,IEAELKC,0.771
289,L,286,292,EAELKCF,0.79
290,K,287,293,AELKCFG,0.907
291,C,288,294,ELKCFGN,1.036
292,F,289,295,LKCFGNT,1.067
293,G,290,296,KCFGNTA,1.077
294,N,291,297,CFGNTAV,1.004
295,T,292,298,FGNTAVA,0.929
296,A,293,299,GNTAVAK,0.987
297,V,294,300,NTAVAKC,0.934
298,A,295,301,TAVAKCN,0.934
299,K,296,302,AVAKCNE,0.903
300,C,297,303,VAKCNEK,0.953
301,N,298,304,AKCNEKH,1.017
302,E,299,305,KCNEKHD,1.131
303,K,300,306,CNEKHDE,1.093
304,H,301,307,NEKHDEE,1.029
305,D,302,308,EKHDEEF,0.891
306,E,303,309,KHDEEFC,0.956
307,E,304,310,HDEEFCD,1.02
308,F,305,311,DEEFCDM,0.97
309,C,306,312,EEFCDML,0.846
310,D,307,313,EFCDMLR,0.876
311,M,308,314,FCDMLRL,0.854
312,L,309,315,CDMLRLF,0.854
313,R,310,316,DMLRLFD,0.893
314,L,311,317,MLRLFDF,0.77
315,F,312,318,LRLFDFN,0.907
316,D,313,319,RLFDFNK,0.967
317,F,314,320,LFDFNKQ,0.971
318,N,315,321,FDFNKQA,0.981
319,K,316,322,DFNKQAI,0.963
320,Q,317,323,FNKQAIR,0.89
321,A,318,324,NKQAIRR,0.94
322,I,319,325,KQAIRRL,0.801
323,R,320,326,QAIRRLK,0.801
324,R,321,327,AIRRLKT,0.799
325,L,322,328,IRRLKTE,0.81
326,K,323,329,RRLKTEA,0.837
327,T,324,330,RLKTEAQ,0.841
328,E,325,331,LKTEAQM,0.791
329,A,326,332,KTEAQMS,0.911
330,Q,327,333,TEAQMSI,0.834
331,M,328,334,EAQMSIQ,0.837
332,S,329,335,AQMSIQL,0.816
333,I,330,336,QMSIQLI,0.789
334,Q,331,337,MSIQLIN,0.871
335,L,332,338,SIQLINK,0.93
336,I,333,339,IQLINKA,0.82
337,N,334,340,QLINKAV,0.824
338,K,335,341,LINKAVN,0.907
339,A,336,342,INKAVNA,0.917
340,V,337,343,NKAVNAL,0.934
341,N,338,344,KAVNALI,0.779
342,A,339,345,AVNALIN,0.857
343,L,340,346,VNALIND,0.971
344,I,341,347,NALINDQ,1.04
345,N,342,348,ALINDQL,0.901
346,D,343,349,LINDQLI,0.874
347,Q,344,350,INDQLIM,0.876
348,L,345,351,NDQLIMK,0.953
349,I,346,352,DQLIMKN,0.953
350,M,347,353,QLIMKNH,0.88
351,K,348,354,LIMKNHL,0.824
352,N,349,355,IMKNHLR,0.876
353,H,350,356,MKNHLRD,1.017
354,L,351,357,KNHLRDI,0.999
355,R,352,358,NHLRDIM,0.94
356,D,353,359,HLRDIMG,0.94
357,I,354,360,LRDIMGI,0.871
358,M,355,361,RDIMGIP,1.004
359,G,356,362,DIMGIPY,1.031
360,I,357,363,IMGIPYC,0.993
361,P,358,364,MGIPYCN,1.149
362,Y,359,365,GIPYCNY,1.226
363,C,360,366,IPYCNYS,1.207
364,N,361,367,PYCNYSK,1.284
365,Y,362,368,YCNYSKY,1.23
366,S,363,369,CNYSKYW,1.204
367,K,364,370,NYSKYWY,1.197
368,Y,365,371,YSKYWYL,1.059
369,W,366,372,SKYWYLN,1.119
370,Y,367,373,KYWYLNH,1.05
371,L,368,374,YWYLNHT,1.043
372,N,369,375,WYLNHTV,0.951
373,H,370,376,YLNHTVT,0.951
374,T,371,377,LNHTVTG,1.011
375,V,372,378,NHTVTGK,1.071
376,T,373,379,HTVTGKT,0.986
377,G,374,380,TVTGKTS,1.054
378,K,375,381,VTGKTSL,1.001
379,T,376,382,TGKTSLP,1.147
380,S,377,383,GKTSLPR,1.146
381,L,378,384,KTSLPRC,1.093
382,P,379,385,TSLPRCW,1.086
383,R,380,386,SLPRCWL,1.033
384,C,381,387,LPRCWLV,0.9
385,W,382,388,PRCWLVS,1.02
386,L,383,389,RCWLVSN,1.026
387,V,384,390,CWLVSNG,1.113
388,S,385,391,WLVSNGS,1.147
389,N,386,392,LVSNGSY,1.173
390,G,387,393,VSNGSYL,1.173
391,S,388,394,SNGSYLN,1.324
392,Y,389,395,NGSYLNE,1.226
393,L,390,396,GSYLNET,1.14
394,N,391,397,SYLNETH,1.053
395,E,392,398,YLNETHF,0.934
396,T,393,399,LNETHFS,0.976
397,H,394,400,NETHFSD,1.1
398,F,395,401,ETHFSDD,1.086
399,S,396,402,THFSDDI,1.047
400,D,397,403,HFSDDIE,1.016
401,D,398,404,FSDDIEQ,1.02
402,I,399,405,SDDIEQQ,1.074
403,E,400,406,DDIEQQA,0.964
404,Q,401,407,DIEQQAD,0.964
405,Q,402,408,IEQQADN,0.979
406,A,403,409,EQQADNM,0.997
407,D,404,410,QQADNMI,0.959
408,N,405,411,QADNMIT,0.956
409,M,406,412,ADNMITE,0.921
410,I,407,413,DNMITEL,0.911
411,T,408,414,NMITELL,0.787
412,E,409,415,MITELLQ,0.704
413,L,410,416,ITELLQK,0.763
414,L,411,417,TELLQKE,0.801
415,Q,412,418,ELLQKEY,0.827
416,K,413,419,LLQKEYM,0.807
417,E,414,420,LQKEYMD,0.931
418,Y,415,421,QKEYMDR,0.983
419,M,416,422,KEYMDRQ,0.983
420,D,417,423,EYMDRQG,1.061
421,R,418,424,YMDRQGK,1.1
422,Q,419,425,MDRQGKT,1.074
423,G,420,426,DRQGKTP,1.206
424,K,421,427,RQGKTPL,1.081
425,T,422,428,QGKTPLG,1.169
426,P,423,429,GKTPLGL,1.113
427,L,424,430,KTPLGLV,0.961
428,G,425,431,TPLGLVD,1.026
429,L,426,432,PLGLVDL,0.973
430,V,427,433,LGLVDLF,0.841
431,D,428,434,GLVDLFV,0.829
432,L,429,435,LVDLFVF,0.691
433,F,430,436,VDLFVFS,0.811
434,V,431,437,DLFVFST,0.877
435,F,432,438,LFVFSTS,0.873
436,S,433,439,FVFSTSF,0.874
437,T,434,440,VFSTSFY,0.951
438,S,435,441,FSTSFYL,0.964
439,F,436,442,STSFYLI,0.946
440,Y,437,443,TSFYLIS,0.946
441,L,438,444,SFYLISI,0.876
442,I,439,445,FYLISIF,0.757
443,S,440,446,YLISIFL,0.756
444,I,441,447,LISIFLH,0.729
445,F,442,448,ISIFLHL,0.729
446,L,443,449,SIFLHLV,0.733
447,H,444,450,IFLHLVK,0.673
448,L,445,451,FLHLVKI,0.673
449,V,446,452,LHLVKIP,0.804
450,K,447,453,HLVKIPT,0.857
451,I,448,454,LVKIPTH,0.857
452,P,449,455,VKIPTHR,0.909
453,T,450,456,KIPTHRH,0.973
454,H,451,457,IPTHRHI,0.896
455,R,452,458,PTHRHII,0.896
456,H,453,459,THRHIIG,0.901
457,I,454,460,HRHIIGK,0.909
458,I,455,461,RHIIGKP,0.99
459,G,456,462,HIIGKPC,1.024
460,K,457,463,IIGKPCP,1.106
461,P,458,464,IGKPCPK,1.183
462,C,459,465,GKPCPKP,1.333
463,P,460,466,KPCPKPH,1.246
464,K,461,467,PCPKPHR,1.237
465,P,462,468,CPKPHRL,1.104
466,H,463,469,PKPHRLN,1.157
467,R,464,470,KPHRLNH,1.076
468,L,465,471,PHRLNHM,1.017
469,N,466,472,HRLNHMG,1.023
470,H,467,473,RLNHMGI,0.954
471,M,468,474,LNHMGIC,0.989
472,G,469,475,NHMGICS,1.109
473,I,470,476,HMGICSC,1.056
474,C,471,477,MGICSCG,1.143
475,S,472,478,GICSCGL,1.141
476,C,473,479,ICSCGLY,1.081
477,G,474,480,CSCGLYK,1.159
478,L,475,481,SCGLYKH,1.124
479,Y,476,482,CGLYKHP,1.137
480,K,477,483,GLYKHPG,1.19
481,H,478,484,LYKHPGV,1.039
482,P,479,485,YKHPGVP,1.171
483,G,480,486,KHPGVPV,1.08
484,V,481,487,HPGVPVK,1.08
485,P,482,488,PGVPVKW,1.081
486,V,483,489,GVPVKWK,1.009
487,K,484,490,VPVKWKR,0.921
